{"epoch": 0, "_timestamp": 1700499027.480549, "_runtime": 1.5906591415405273, "_step": 0, "_wandb": {"runtime": 17}}