{"epoch": 0, "_timestamp": 1700499239.044894, "_runtime": 0.9987189769744873, "_step": 0, "_wandb": {"runtime": 17}}